Accuracy,Native,Female
0.922077922077922,1,1
0.948051948051948,1,1
0.7402597402597403,1,1
0.987012987012987,1,1
0.922077922077922,1,1
0.987012987012987,1,0
0.987012987012987,1,0
0.987012987012987,1,0
0.987012987012987,1,0
0.987012987012987,1,0
0.6363636363636364,0,1
0.8961038961038961,0,1
0.8831168831168831,0,1
0.922077922077922,0,1
0.8701298701298701,0,1
0.948051948051948,0,0
0.961038961038961,0,0
0.7792207792207793,0,0
0.974025974025974,0,0
0.987012987012987,0,0
